model,accuracy,precision,recall,f1_score,roc_auc,pr_auc
Logistic Regression,0.6685,0.8588110403397028,0.6041822255414488,0.7093380096448926,0.8021170991516011,0.8697866101406972
Random Forest,0.763,0.782495101241019,0.8946975354742345,0.8348432055749129,0.779536064012365,0.8470336669433465
Baseline (Most Frequent),0.6695,0.6695,1.0,0.8020365378855945,0.5,0.6695
